timestamp,charger_id,status,session_id,tag_rfid,tensao_v,corrente_a,potencia_kw,temperatura_c,frequencia_hz,energia_acumulada_kwh
2026-10-02T15:58:18.791869,GW-HCA-G2-001,Charging,SES-001-NORMAL,RFID-APT-42,220.6,31.53,6.96,35.5,60.0,0.58
2026-10-02T15:58:18.791903,GW-HCA-G2-001,Charging,SES-001-NORMAL,RFID-APT-42,218.82,30.08,6.58,35.2,60.0,1.128
2026-10-02T15:58:18.791912,GW-HCA-G2-001,Charging,SES-001-NORMAL,RFID-APT-42,218.01,31.08,6.78,37.1,60.0,1.693
2026-10-02T15:58:18.791917,GW-HCA-G2-001,Charging,SES-001-NORMAL,RFID-APT-42,220.15,31.09,6.84,39.9,60.0,2.263
2026-10-02T15:58:18.791924,GW-HCA-G2-001,Charging,SES-001-NORMAL,RFID-APT-42,220.27,31.44,6.93,39.3,60.0,2.84
2026-10-02T15:58:18.791929,GW-HCA-G2-001,Charging,SES-001-NORMAL,RFID-APT-42,220.83,31.74,7.01,37.0,60.0,3.424
2026-10-02T15:58:18.791937,GW-HCA-G2-001,Charging,SES-001-NORMAL,RFID-APT-42,219.22,30.08,6.59,36.1,60.0,3.973
2026-10-02T15:58:18.791942,GW-HCA-G2-001,Charging,SES-001-NORMAL,RFID-APT-42,218.77,30.74,6.72,35.6,60.0,4.533
2026-10-02T15:58:18.791947,GW-HCA-G2-001,Charging,SES-001-NORMAL,RFID-APT-42,218.84,30.58,6.69,35.4,60.0,5.09
2026-10-02T15:58:18.791953,GW-HCA-G2-001,Charging,SES-001-NORMAL,RFID-APT-42,219.28,30.26,6.64,35.1,60.0,5.643
2026-10-02T15:58:18.791958,GW-HCA-G2-001,Charging,SES-001-NORMAL,RFID-APT-42,219.42,30.02,6.59,39.2,60.0,6.192
2026-10-02T15:58:18.791963,GW-HCA-G2-001,Finished,SES-001-NORMAL,RFID-APT-42,218.72,30.62,6.7,35.5,60.0,6.75
2026-10-02T15:58:18.792015,GW-HCA-G2-001,Charging,SES-002-INTERRUPT,RFID-APT-105,218.94,31.66,6.93,35.9,60.0,0.577
2026-10-02T15:58:18.792028,GW-HCA-G2-001,Charging,SES-002-INTERRUPT,RFID-APT-105,219.1,31.74,6.95,38.1,60.0,1.156
2026-10-02T15:58:18.792035,GW-HCA-G2-001,Aborted,SES-002-INTERRUPT,RFID-APT-105,219.53,30.22,6.63,37.6,60.0,1.708
2026-10-02T15:58:18.792082,GW-HCA-G2-001,Charging,SES-003-FAULT,RFID-APT-88,220.48,30.08,6.63,36.9,60.0,0.552
2026-10-02T15:58:18.792092,GW-HCA-G2-001,Charging,SES-003-FAULT,RFID-APT-88,218.91,30.3,6.63,37.3,60.0,1.104
2026-10-02T15:58:18.792097,GW-HCA-G2-001,Charging,SES-003-FAULT,RFID-APT-88,218.01,30.73,6.7,39.5,60.0,1.662
2026-10-02T15:58:18.792102,GW-HCA-G2-001,Charging,SES-003-FAULT,RFID-APT-88,219.45,31.94,7.01,36.2,60.0,2.246
2026-10-02T15:58:18.792106,GW-HCA-G2-001,Charging,SES-003-FAULT,RFID-APT-88,221.34,31.07,6.88,37.1,60.0,2.819
2026-10-02T15:58:18.792111,GW-HCA-G2-001,Charging,SES-003-FAULT,RFID-APT-88,218.65,31.01,6.78,38.3,60.0,3.384
2026-10-02T15:58:18.792116,GW-HCA-G2-001,Charging,SES-003-FAULT,RFID-APT-88,221.78,31.84,7.06,39.8,60.0,3.972
2026-10-02T15:58:18.792119,GW-HCA-G2-001,Warning,SES-003-FAULT,RFID-APT-88,185.0,44.0,8.14,58.5,60.0,4.65
2026-10-02T15:58:18.792124,GW-HCA-G2-001,Fault,SES-003-FAULT,RFID-APT-88,218.05,31.97,6.97,37.3,60.0,5.231
